D42041_at,D50310_at,D79992_at,D80004_at,D85815_at,D87470_at,HG3255-HT3432_at,J03191_at,J03930_at,L10373_at,L13977_at,L36818_at,L38707_at,L39064_rna1_at,L43631_at,L48513_at,M14091_at,M16447_at,M20137_at,M24899_at,M31303_rna1_at,M65254_at,M86528_at,M88108_at,M93119_at,M93426_at,M97287_at,S82470_at,U16861_at,U16954_at,U17760_rna1_at,U18291_at,U24266_at,U30521_at,U32331_at,U33429_at,U35113_at,U35340_at,U51336_at,U79248_at,U79262_at,U79271_at,U79287_at,U79294_at,U83463_at,U90916_at,U95740_rna2_at,V01515_cds1_at,X00371_rna1_at,X13546_rna1_at,X55544_at,X60188_at,X61587_at,Z48950_at,Z69915_at,D16481_at,D25304_at,D83646_at,L08895_at,D13631_s_at,L10377_s_at,D63940_s_at,U48705_rna1_s_at,M31520_rna1_s_at,M57464_s_at,HG880-HT880_s_at,HG884-HT884_s_at,S69265_s_at,M10051_s_at,M60784_s_at,X73358_s_at,U09087_s_at,U52828_s_at,HG3636-HT3846_at,U29175_at,Class
178.0,989.0,80.0,592.0,175.0,84.0,49.0,338.0,32.0,210.0,80.0,105.0,72.0,140.0,238.0,121.0,48.0,89.0,117.0,87.0,724.0,146.0,23.0,588.0,628.0,20,482.0,66.0,41.0,931.0,54.0,163.0,30.0,1274.0,46.0,31.0,191.0,205.0,492.0,47.0,179.0,131.0,531.0,99.0,229.0,51.0,247.0,29.0,29.0,960.0,60.0,27.0,79.0,714.0,160.0,104.0,270.0,37.0,43.0,21.0,66.0,56.0,188.0,1184.0,293.0,28.0,203.0,325.0,163.0,311.0,479.0,75.0,393.0,73.0,240.0,MED
103.0,1120.0,82.0,317.0,155.0,151.0,33.0,198.0,32.0,657.0,68.0,60.0,65.0,130.0,253.0,59.0,28.0,88.0,75.0,385.0,579.0,170.0,20,516.0,760.0,81.0,645.0,69.0,38.0,845.0,41.0,161.0,41.0,1308.0,146.0,24.0,190.0,163.0,419.0,60.0,192.0,203.0,533.0,150.0,240.0,20.0,448.0,23.0,20,734.0,63.0,45.0,69.0,952.0,172.0,145.0,250.0,29.0,47.0,54.0,40.0,130.0,131.0,861.0,192.0,79.0,262.0,526.0,90.0,255.0,433.0,59.0,546.0,59.0,213.0,MED
182.0,1232.0,140.0,387.0,155.0,166.0,27.0,197.0,30.0,190.0,41.0,25.0,65.0,124.0,301.0,64.0,42.0,106.0,68.0,532.0,608.0,124.0,20,653.0,596.0,85.0,522.0,71.0,49.0,1107.0,39.0,189.0,61.0,1393.0,62.0,21.0,195.0,137.0,238.0,66.0,215.0,297.0,682.0,86.0,145.0,20,391.0,25.0,20,966.0,39.0,95.0,57.0,1363.0,184.0,128.0,140.0,30.0,20,20,37.0,76.0,156.0,549.0,73.0,88.0,293.0,256.0,120.0,148.0,799.0,62.0,444.0,62.0,367.0,MED
249.0,1132.0,134.0,312.0,136.0,106.0,28.0,365.0,24.0,332.0,87.0,55.0,49.0,97.0,299.0,74.0,31.0,78.0,101.0,198.0,619.0,135.0,22.0,522.0,825.0,40.0,371.0,74.0,23.0,1187.0,20,189.0,42.0,1075.0,23.0,21.0,298.0,125.0,268.0,53.0,187.0,123.0,509.0,113.0,271.0,54.0,250.0,21.0,28.0,912.0,54.0,109.0,69.0,1068.0,164.0,130.0,167.0,27.0,45.0,31.0,62.0,52.0,198.0,805.0,111.0,36.0,297.0,502.0,122.0,242.0,588.0,88.0,431.0,83.0,358.0,MED
200.0,1030.0,145.0,370.0,155.0,88.0,37.0,195.0,29.0,319.0,20,40.0,54.0,122.0,308.0,24.0,39.0,75.0,83.0,480.0,676.0,133.0,20,503.0,536.0,205.0,339.0,93.0,35.0,969.0,46.0,156.0,88.0,1284.0,28.0,23.0,210.0,136.0,214.0,61.0,263.0,159.0,700.0,114.0,92.0,20,361.0,20.0,33.0,820.0,51.0,83.0,66.0,1467.0,157.0,90.0,141.0,29.0,20,20,69.0,56.0,193.0,506.0,32.0,105.0,208.0,268.0,104.0,130.0,939.0,65.0,221.0,81.0,373.0,MED
191.0,814.0,115.0,278.0,134.0,169.0,30.0,73.0,24.0,415.0,121.0,34.0,50.0,111.0,276.0,30.0,37.0,102.0,24.0,920.0,651.0,120.0,20.0,632.0,471.0,71.0,409.0,99.0,44.0,1172.0,53.0,136.0,36.0,1341.0,30.0,31.0,214.0,122.0,200.0,62.0,233.0,244.0,685.0,87.0,226.0,20,545.0,22.0,41.0,946.0,63.0,131.0,58.0,1536.0,158.0,81.0,120.0,23.0,25.0,20,64.0,76.0,171.0,533.0,38.0,73.0,266.0,349.0,122.0,165.0,790.0,84.0,299.0,71.0,367.0,MED
128.0,703.0,103.0,281.0,143.0,83.0,44.0,64.0,36.0,198.0,29.0,61.0,64.0,146.0,273.0,37.0,44.0,52.0,99.0,351.0,751.0,163.0,20,565.0,165.0,97.0,347.0,85.0,46.0,1010.0,57.0,179.0,61.0,1222.0,20,32.0,375.0,165.0,252.0,50.0,252.0,168.0,503.0,158.0,135.0,20,182.0,35.0,22.0,845.0,65.0,86.0,42.0,1214.0,186.0,61.0,110.0,26.0,20,20,56.0,43.0,142.0,535.0,52.0,87.0,192.0,103.0,134.0,100.0,658.0,67.0,366.0,61.0,345.0,MED
118.0,1034.0,103.0,197.0,337.0,44.0,71.0,130.0,76.0,20,28.0,32.0,72.0,226.0,98.0,31.0,49.0,20,143.0,34.0,243.0,294.0,48.0,253.0,396.0,20,314.0,101.0,57.0,588.0,114.0,86.0,20,849.0,22.0,39.0,38.0,294.0,228.0,47.0,173.0,49.0,243.0,128.0,106.0,23.0,75.0,50.0,39.0,385.0,148.0,20,50.0,654.0,184.0,44.0,77.0,75.0,20,20,95.0,60.0,67.0,310.0,161.0,84.0,102.0,296.0,261.0,141.0,458.0,105.0,75.0,159.0,79.0,MED
104.0,1321.0,107.0,199.0,377.0,86.0,87.0,96.0,77.0,134.0,20,20,71.0,259.0,94.0,53.0,55.0,30.0,93.0,362.0,927.0,244.0,43.0,192.0,192.0,22.0,162.0,35.0,69.0,928.0,115.0,124.0,34.0,1414.0,33.0,37.0,63.0,263.0,199.0,54.0,200.0,64.0,454.0,141.0,199.0,22.0,122.0,43.0,42.0,435.0,111.0,20,42.0,1346.0,124.0,47.0,56.0,70.0,24.0,20,103.0,81.0,167.0,138.0,108.0,45.0,140.0,325.0,258.0,66.0,1021.0,66.0,127.0,135.0,231.0,MED
116.0,716.0,112.0,291.0,344.0,35.0,79.0,269.0,75.0,109.0,20,31.0,82.0,247.0,117.0,57.0,66.0,35.0,165.0,20,927.0,237.0,55.0,271.0,213.0,28.0,110.0,110.0,54.0,469.0,101.0,110.0,20,348.0,34.0,20,40.0,341.0,277.0,32.0,154.0,61.0,423.0,124.0,118.0,20,110.0,51.0,41.0,603.0,116.0,20,32.0,468.0,159.0,46.0,109.0,68.0,20,20,97.0,52.0,41.0,561.0,315.0,20,87.0,282.0,224.0,206.0,496.0,64.0,129.0,126.0,87.0,MED
76.0,745.0,80.0,68.0,333.0,20,46.0,20,41.0,66.0,20,20,48.0,172.0,75.0,20,82.0,34.0,121.0,63.0,606.0,206.0,56.0,173.0,169.0,40.0,200.0,65.0,96.0,579.0,126.0,38.0,24.0,353.0,20,20,20,298.0,173.0,38.0,170.0,72.0,168.0,77.0,93.0,20,68.0,45.0,44.0,205.0,127.0,20,20,667.0,56.0,20,76.0,89.0,20,20,103.0,61.0,22.0,349.0,331.0,20,65.0,182.0,282.0,37.0,537.0,35.0,35.0,127.0,51.0,MED
94.0,956.0,111.0,320.0,334.0,70.0,61.0,133.0,61.0,149.0,20,20,86.0,250.0,107.0,20,58.0,44.0,149.0,218.0,871.0,300.0,45.0,326.0,536.0,25.0,172.0,20,59.0,1237.0,124.0,126.0,40.0,1080.0,20,48.0,43.0,286.0,240.0,21.0,299.0,37.0,506.0,88.0,56.0,20,237.0,46.0,53.0,548.0,115.0,20,40.0,1018.0,154.0,35.0,26.0,62.0,20,20,132.0,32.0,62.0,252.0,57.0,93.0,185.0,365.0,203.0,93.0,1132.0,61.0,86.0,139.0,254.0,MED
90.0,984.0,82.0,314.0,260.0,41.0,119.0,90.0,56.0,122.0,20,20,58.0,159.0,96.0,25.0,56.0,45.0,102.0,52.0,1066.0,248.0,50.0,354.0,459.0,84.0,215.0,20,45.0,812.0,91.0,134.0,20,878.0,20,25.0,118.0,282.0,254.0,39.0,298.0,32.0,531.0,134.0,92.0,20,221.0,24.0,32.0,585.0,91.0,20,20,829.0,127.0,70.0,20,45.0,20,20,91.0,55.0,20,529.0,131.0,25.0,97.0,127.0,216.0,36.0,715.0,55.0,70.0,104.0,228.0,MED
132.0,1307.0,81.0,157.0,304.0,20.0,47.0,135.0,61.0,111.0,20,20,55.0,216.0,83.0,30.0,73.0,24.0,105.0,194.0,568.0,215.0,59.0,332.0,128.0,35.0,462.0,20,65.0,649.0,103.0,109.0,24.0,676.0,21.0,20,52.0,314.0,207.0,50.0,261.0,113.0,543.0,183.0,64.0,20,33.0,39.0,64.0,503.0,136.0,20,20.0,1242.0,85.0,20,27.0,58.0,20,20,115.0,105.0,20,371.0,123.0,20,144.0,159.0,212.0,111.0,1283.0,68.0,98.0,106.0,113.0,MED
195.0,571.0,72.0,55.0,292.0,51.0,55.0,878.0,57.0,90.0,138.0,109.0,67.0,166.0,159.0,145.0,42.0,32.0,123.0,20,466.0,161.0,41.0,373.0,20,30.0,93.0,113.0,40.0,70.0,68.0,207.0,75.0,362.0,26.0,20,79.0,219.0,207.0,27.0,131.0,34.0,580.0,170.0,143.0,20,96.0,32.0,46.0,521.0,106.0,20,74.0,477.0,64.0,142.0,62.0,51.0,20,20,77.0,41.0,271.0,412.0,231.0,20,103.0,123.0,174.0,197.0,305.0,83.0,45.0,106.0,371.0,MED
165.0,2082.0,111.0,307.0,254.0,55.0,65.0,223.0,51.0,190.0,45.0,30.0,65.0,191.0,144.0,39.0,63.0,42.0,160.0,20,746.0,251.0,32.0,631.0,701.0,20,466.0,20,45.0,1032.0,49.0,191.0,20,1073.0,20,63.0,160.0,243.0,302.0,59.0,215.0,205.0,443.0,111.0,239.0,20,286.0,22.0,38.0,386.0,108.0,20,32.0,672.0,396.0,31.0,87.0,85.0,20,20,68.0,168.0,98.0,812.0,277.0,65.0,143.0,456.0,248.0,283.0,616.0,90.0,243.0,109.0,203.0,MED
198.0,838.0,98.0,321.0,224.0,70.0,62.0,365.0,59.0,357.0,58.0,95.0,75.0,144.0,142.0,88.0,44.0,38.0,112.0,49.0,472.0,167.0,40.0,401.0,686.0,20,328.0,98.0,51.0,880.0,65.0,78.0,20,851.0,22.0,48.0,123.0,227.0,462.0,43.0,142.0,63.0,246.0,137.0,287.0,20,185.0,35.0,39.0,615.0,81.0,31.0,94.0,915.0,167.0,89.0,212.0,63.0,81.0,34.0,83.0,61.0,138.0,454.0,176.0,82.0,116.0,219.0,179.0,147.0,334.0,87.0,200.0,111.0,138.0,MED
170.0,1132.0,81.0,322.0,190.0,55.0,46.0,367.0,45.0,316.0,47.0,48.0,81.0,143.0,192.0,37.0,40.0,47.0,86.0,100.0,581.0,183.0,32.0,437.0,923.0,22.0,252.0,129.0,30.0,984.0,57.0,199.0,20,1003.0,20,49.0,240.0,191.0,446.0,56.0,171.0,84.0,532.0,100.0,151.0,20,170.0,36.0,37.0,550.0,69.0,25.0,78.0,858.0,185.0,80.0,197.0,57.0,20,20,103.0,76.0,121.0,449.0,186.0,100.0,185.0,736.0,130.0,266.0,574.0,69.0,198.0,103.0,345.0,MED
200.0,1434.0,93.0,235.0,197.0,76.0,50.0,181.0,47.0,155.0,31.0,54.0,86.0,188.0,193.0,26.0,51.0,57.0,121.0,426.0,604.0,163.0,37.0,353.0,409.0,76.0,596.0,99.0,57.0,1159.0,52.0,86.0,27.0,1137.0,20,50.0,150.0,188.0,262.0,56.0,185.0,180.0,484.0,131.0,174.0,20,319.0,38.0,43.0,662.0,81.0,38.0,65.0,1469.0,166.0,25.0,120.0,42.0,20,20,105.0,96.0,51.0,293.0,119.0,97.0,249.0,150.0,122.0,180.0,1046.0,104.0,296.0,52.0,233.0,MED
99.0,1479.0,100.0,296.0,267.0,52.0,74.0,305.0,51.0,382.0,36.0,24.0,68.0,189.0,117.0,75.0,51.0,34.0,80.0,147.0,908.0,212.0,44.0,505.0,899.0,46.0,276.0,20,53.0,1108.0,93.0,199.0,23.0,1025.0,20,27.0,173.0,241.0,216.0,46.0,178.0,204.0,585.0,173.0,152.0,29.0,341.0,38.0,34.0,471.0,109.0,20,57.0,993.0,178.0,80.0,66.0,56.0,20,20,117.0,126.0,197.0,412.0,188.0,59.0,113.0,599.0,193.0,234.0,870.0,60.0,176.0,131.0,222.0,MED
113.0,1182.0,100.0,270.0,260.0,71.0,56.0,219.0,58.0,203.0,66.0,52.0,67.0,187.0,193.0,42.0,55.0,24.0,114.0,140.0,699.0,241.0,40.0,398.0,233.0,226.0,518.0,55.0,51.0,740.0,51.0,155.0,47.0,1224.0,20,46.0,145.0,182.0,296.0,53.0,222.0,82.0,421.0,172.0,146.0,20,121.0,25.0,39.0,696.0,94.0,20,46.0,1819.0,183.0,31.0,85.0,42.0,20,28.0,100.0,53.0,160.0,167.0,67.0,59.0,122.0,145.0,226.0,94.0,796.0,113.0,312.0,95.0,267.0,MED
90.0,957.0,78.0,278.0,297.0,40.0,77.0,28.0,52.0,337.0,23.0,22.0,52.0,199.0,123.0,20,36.0,29.0,97.0,158.0,964.0,210.0,60.0,444.0,597.0,22.0,204.0,20,56.0,1443.0,89.0,101.0,23.0,1104.0,20,45.0,98.0,205.0,192.0,42.0,315.0,67.0,732.0,83.0,97.0,20,248.0,51.0,51.0,479.0,117.0,20,20,1174.0,215.0,20,35.0,68.0,20,20,167.0,46.0,88.0,220.0,99.0,63.0,163.0,505.0,217.0,110.0,1047.0,109.0,170.0,107.0,230.0,MED
72.0,1008.0,86.0,349.0,285.0,39.0,73.0,20,66.0,20,20,33.0,88.0,186.0,140.0,51.0,44.0,32.0,117.0,43.0,732.0,178.0,41.0,375.0,1000.0,45.0,183.0,20,42.0,808.0,73.0,71.0,20,683.0,43.0,40.0,163.0,252.0,199.0,71.0,120.0,82.0,342.0,391.0,194.0,20,139.0,45.0,42.0,333.0,104.0,20,20,1290.0,140.0,25.0,66.0,79.0,20,20,117.0,99.0,109.0,406.0,73.0,155.0,73.0,608.0,165.0,167.0,422.0,109.0,60.0,83.0,87.0,MED
105.0,435.0,136.0,169.0,265.0,65.0,80.0,20,37.0,20,20,20,67.0,192.0,78.0,24.0,90.0,33.0,86.0,203.0,830.0,221.0,66.0,268.0,174.0,42.0,136.0,20,91.0,945.0,81.0,36.0,60.0,470.0,20,20.0,50.0,356.0,79.0,73.0,101.0,63.0,306.0,297.0,71.0,20,52.0,43.0,20,246.0,132.0,20,20,1490.0,90.0,20,20,119.0,20,20,200.0,80.0,20,57.0,25.0,148.0,51.0,229.0,204.0,140.0,458.0,121.0,80.0,126.0,88.0,MED
94.0,569.0,109.0,415.0,249.0,20,73.0,113.0,45.0,20,20,30.0,96.0,186.0,127.0,28.0,51.0,20,106.0,143.0,1093.0,205.0,70.0,356.0,201.0,105.0,235.0,124.0,63.0,861.0,80.0,66.0,20,1005.0,20,30.0,119.0,274.0,143.0,31.0,152.0,62.0,290.0,20,82.0,20,144.0,20,20,290.0,97.0,20,20,2127.0,139.0,47.0,20,88.0,20,20,140.0,41.0,79.0,104.0,22.0,91.0,119.0,357.0,209.0,139.0,357.0,66.0,69.0,98.0,169.0,MED
257.0,831.0,97.0,173.0,190.0,100.0,48.0,122.0,45.0,216.0,23.0,59.0,68.0,168.0,231.0,20,54.0,75.0,140.0,453.0,515.0,173.0,32.0,447.0,686.0,166.0,293.0,100.0,45.0,981.0,62.0,112.0,48.0,1040.0,20,34.0,147.0,165.0,169.0,67.0,259.0,174.0,518.0,85.0,68.0,20,47.0,42.0,48.0,817.0,82.0,80.0,53.0,1310.0,278.0,98.0,111.0,41.0,20,20,107.0,62.0,74.0,286.0,77.0,101.0,135.0,240.0,150.0,141.0,825.0,28.0,357.0,134.0,210.0,MED
66.0,1030.0,42.0,65.0,253.0,32.0,67.0,274.0,50.0,185.0,20,27.0,72.0,244.0,166.0,52.0,66.0,42.0,147.0,46.0,634.0,227.0,37.0,200.0,126.0,43.0,128.0,25.0,47.0,378.0,64.0,124.0,20,468.0,20,40.0,84.0,239.0,275.0,32.0,186.0,88.0,576.0,170.0,48.0,20,36.0,45.0,26.0,299.0,169.0,20,40.0,505.0,109.0,83.0,205.0,71.0,34.0,20,87.0,87.0,37.0,1131.0,690.0,49.0,129.0,345.0,223.0,403.0,488.0,31.0,88.0,150.0,247.0,MED
205.0,927.0,99.0,224.0,247.0,58.0,55.0,176.0,67.0,20,20,69.0,102.0,170.0,111.0,55.0,65.0,36.0,148.0,20,534.0,170.0,45.0,311.0,582.0,25.0,259.0,54.0,48.0,626.0,100.0,82.0,20,836.0,20.0,37.0,71.0,273.0,212.0,41.0,219.0,83.0,361.0,102.0,174.0,20,89.0,45.0,52.0,717.0,91.0,20,68.0,675.0,152.0,24.0,233.0,63.0,20,20,84.0,117.0,35.0,622.0,287.0,121.0,127.0,311.0,213.0,172.0,512.0,70.0,129.0,121.0,134.0,MED
108.0,996.0,110.0,387.0,274.0,104.0,76.0,237.0,82.0,173.0,20,36.0,69.0,205.0,133.0,30.0,55.0,40.0,113.0,301.0,830.0,239.0,40.0,515.0,534.0,114.0,457.0,52.0,51.0,1102.0,90.0,65.0,26.0,966.0,20,29.0,101.0,170.0,152.0,50.0,196.0,105.0,385.0,104.0,70.0,20,178.0,28.0,44.0,807.0,105.0,28.0,75.0,2181.0,193.0,20,84.0,54.0,20,20,72.0,79.0,101.0,113.0,96.0,79.0,158.0,206.0,146.0,69.0,918.0,64.0,91.0,114.0,346.0,MED
273.0,713.0,69.0,183.0,263.0,76.0,60.0,155.0,56.0,186.0,38.0,72.0,99.0,183.0,131.0,36.0,61.0,48.0,133.0,87.0,467.0,262.0,34.0,304.0,481.0,20,262.0,89.0,60.0,387.0,73.0,88.0,34.0,605.0,20,33.0,157.0,242.0,124.0,46.0,111.0,36.0,217.0,160.0,130.0,20,182.0,52.0,40.0,312.0,85.0,20,34.0,810.0,160.0,20,136.0,49.0,20,20,78.0,104.0,112.0,220.0,130.0,147.0,99.0,262.0,192.0,68.0,245.0,52.0,323.0,72.0,152.0,MED
84.0,982.0,97.0,100.0,244.0,20,70.0,20,72.0,20,20,20,94.0,149.0,114.0,49.0,37.0,20,139.0,185.0,1106.0,207.0,43.0,306.0,133.0,88.0,96.0,20,49.0,682.0,36.0,45.0,29.0,1352.0,53.0,55.0,199.0,376.0,84.0,49.0,147.0,22.0,256.0,379.0,81.0,20,171.0,20,26.0,409.0,102.0,20,20,2155.0,162.0,48.0,47.0,73.0,20,36.0,118.0,52.0,171.0,137.0,26.0,150.0,66.0,186.0,218.0,92.0,407.0,74.0,157.0,67.0,158.0,MED
115.0,799.0,134.0,198.0,277.0,60.0,60.0,51.0,54.0,56.0,20,54.0,76.0,155.0,153.0,20,52.0,35.0,98.0,291.0,842.0,259.0,54.0,346.0,116.0,49.0,95.0,120.0,38.0,747.0,80.0,71.0,49.0,1281.0,77.0,54.0,234.0,261.0,167.0,53.0,137.0,285.0,274.0,74.0,93.0,20,103.0,61.0,47.0,437.0,137.0,20,20,1888.0,114.0,23.0,22.0,73.0,20,20,103.0,46.0,218.0,109.0,20,83.0,79.0,204.0,160.0,116.0,541.0,42.0,57.0,116.0,193.0,MED
221.0,1669.0,84.0,300.0,232.0,60.0,66.0,309.0,58.0,90.0,85.0,102.0,81.0,178.0,262.0,58.0,69.0,83.0,132.0,213.0,573.0,135.0,32.0,572.0,124.0,23.0,195.0,84.0,36.0,407.0,67.0,63.0,35.0,687.0,24.0,40.0,201.0,195.0,331.0,34.0,189.0,148.0,254.0,114.0,216.0,20,66.0,46.0,42.0,1056.0,60.0,71.0,68.0,1115.0,216.0,83.0,176.0,37.0,20,20,50.0,81.0,100.0,579.0,308.0,20,163.0,155.0,192.0,169.0,373.0,47.0,25.0,148.0,252.0,MED
113.0,883.0,45.0,418.0,273.0,67.0,84.0,112.0,44.0,213.0,26.0,45.0,91.0,172.0,77.0,24.0,84.0,44.0,83.0,30.0,576.0,197.0,72.0,218.0,554.0,20,310.0,67.0,39.0,699.0,67.0,43.0,20,626.0,43.0,55.0,123.0,274.0,168.0,41.0,148.0,56.0,254.0,109.0,159.0,20,99.0,26.0,64.0,355.0,101.0,20,74.0,730.0,149.0,48.0,214.0,67.0,20,20,107.0,94.0,101.0,758.0,268.0,111.0,124.0,329.0,183.0,134.0,620.0,39.0,173.0,106.0,43.0,MED
197.0,1243.0,97.0,320.0,229.0,92.0,61.0,106.0,63.0,597.0,38.0,90.0,79.0,160.0,178.0,98.0,60.0,89.0,126.0,153.0,696.0,128.0,44.0,480.0,1060.0,122.0,265.0,83.0,38.0,874.0,72.0,147.0,20,810.0,34.0,58.0,210.0,237.0,254.0,58.0,204.0,106.0,288.0,200.0,201.0,44.0,165.0,49.0,59.0,1107.0,78.0,44.0,64.0,1253.0,191.0,74.0,191.0,51.0,20,20,85.0,129.0,188.0,839.0,262.0,50.0,142.0,453.0,193.0,159.0,465.0,39.0,177.0,94.0,169.0,MED
148.0,1463.0,80.0,385.0,203.0,47.0,53.0,196.0,47.0,316.0,38.0,64.0,72.0,148.0,190.0,39.0,57.0,70.0,88.0,57.0,791.0,233.0,26.0,359.0,1142.0,20,205.0,69.0,36.0,872.0,69.0,92.0,21.0,1330.0,22.0,28.0,218.0,228.0,329.0,58.0,208.0,97.0,558.0,86.0,109.0,21.0,174.0,43.0,40.0,904.0,67.0,20.0,59.0,1170.0,122.0,33.0,180.0,42.0,20,20,80.0,122.0,132.0,895.0,210.0,64.0,149.0,439.0,153.0,182.0,537.0,72.0,176.0,122.0,180.0,MED
277.0,848.0,107.0,353.0,226.0,47.0,58.0,309.0,54.0,203.0,49.0,63.0,71.0,152.0,95.0,47.0,50.0,97.0,102.0,45.0,631.0,168.0,36.0,357.0,577.0,20,376.0,62.0,35.0,848.0,64.0,103.0,20,1082.0,20,45.0,129.0,216.0,238.0,55.0,185.0,90.0,465.0,92.0,153.0,20,173.0,42.0,42.0,841.0,94.0,20,75.0,832.0,210.0,49.0,153.0,59.0,20,20,93.0,48.0,95.0,390.0,175.0,60.0,144.0,332.0,160.0,196.0,648.0,138.0,204.0,105.0,126.0,MED
137.0,1087.0,75.0,159.0,216.0,141.0,62.0,20,59.0,293.0,111.0,59.0,93.0,224.0,208.0,31.0,52.0,69.0,117.0,700.0,819.0,189.0,40.0,463.0,773.0,87.0,575.0,76.0,58.0,1069.0,71.0,88.0,20,1614.0,32.0,50.0,139.0,174.0,156.0,49.0,171.0,230.0,345.0,129.0,178.0,20,383.0,41.0,44.0,843.0,81.0,55.0,64.0,2168.0,222.0,21.0,98.0,61.0,59.0,20,85.0,130.0,169.0,124.0,41.0,133.0,160.0,517.0,171.0,71.0,662.0,38.0,274.0,117.0,230.0,MED
162.0,1150.0,94.0,258.0,248.0,35.0,74.0,126.0,46.0,89.0,20,35.0,84.0,175.0,147.0,42.0,57.0,50.0,113.0,97.0,751.0,167.0,31.0,341.0,332.0,72.0,198.0,48.0,53.0,786.0,69.0,61.0,20.0,1094.0,20,47.0,96.0,282.0,106.0,76.0,200.0,30.0,268.0,95.0,79.0,20,64.0,46.0,37.0,1099.0,88.0,20,55.0,1597.0,250.0,50.0,163.0,42.0,20,20,78.0,46.0,124.0,373.0,206.0,65.0,108.0,133.0,159.0,95.0,1030.0,63.0,151.0,99.0,150.0,MED
110.0,621.0,47.0,97.0,380.0,98.0,65.0,30.0,62.0,568.0,73.0,46.0,87.0,255.0,77.0,74.0,56.0,70.0,209.0,75.0,183.0,320.0,38.0,88.0,47.0,769.0,443.0,142.0,57.0,337.0,123.0,38.0,20,282.0,20,47.0,32.0,335.0,216.0,34.0,125.0,22.0,102.0,91.0,100.0,20,88.0,69.0,69.0,93.0,113.0,20,35.0,1130.0,92.0,35.0,149.0,105.0,25.0,36.0,137.0,76.0,321.0,147.0,121.0,160.0,46.0,295.0,244.0,33.0,235.0,20,203.0,96.0,47.0,MGL
156.0,478.0,96.0,23.0,359.0,47.0,77.0,112.0,53.0,282.0,57.0,84.0,91.0,188.0,47.0,133.0,56.0,77.0,189.0,115.0,250.0,231.0,38.0,98.0,42.0,425.0,178.0,156.0,52.0,276.0,110.0,29.0,48.0,147.0,25.0,39.0,32.0,251.0,150.0,36.0,103.0,43.0,69.0,246.0,186.0,33.0,89.0,61.0,61.0,232.0,20,20,43.0,561.0,76.0,46.0,235.0,109.0,41.0,98.0,108.0,44.0,581.0,127.0,128.0,100.0,51.0,192.0,206.0,20,245.0,28.0,106.0,91.0,51.0,MGL
113.0,287.0,82.0,50.0,373.0,143.0,70.0,121.0,68.0,240.0,232.0,64.0,100.0,221.0,36.0,115.0,46.0,82.0,198.0,344.0,225.0,172.0,63.0,99.0,20,331.0,91.0,127.0,50.0,169.0,122.0,26.0,58.0,22.0,32.0,47.0,20,308.0,759.0,21.0,91.0,20,46.0,461.0,146.0,77.0,82.0,56.0,74.0,125.0,96.0,20,115.0,478.0,30.0,172.0,185.0,78.0,20,40.0,135.0,86.0,481.0,77.0,78.0,153.0,34.0,206.0,223.0,20,209.0,20,957.0,77.0,29.0,MGL
169.0,365.0,72.0,64.0,316.0,92.0,67.0,320.0,52.0,268.0,369.0,72.0,94.0,179.0,60.0,237.0,45.0,117.0,188.0,89.0,265.0,216.0,50.0,163.0,20,569.0,96.0,113.0,45.0,309.0,110.0,51.0,57.0,159.0,47.0,35.0,50.0,203.0,167.0,26.0,146.0,20,164.0,302.0,200.0,45.0,154.0,57.0,60.0,190.0,75.0,20,77.0,711.0,42.0,113.0,296.0,71.0,53.0,99.0,84.0,46.0,438.0,133.0,165.0,52.0,73.0,175.0,205.0,28.0,401.0,23.0,165.0,89.0,76.0,MGL
145.0,388.0,74.0,91.0,382.0,130.0,67.0,20,66.0,782.0,201.0,65.0,89.0,200.0,63.0,137.0,52.0,109.0,172.0,241.0,167.0,174.0,53.0,92.0,35.0,784.0,234.0,164.0,47.0,486.0,123.0,52.0,29.0,131.0,58.0,40.0,20,251.0,249.0,27.0,138.0,27.0,52.0,156.0,190.0,55.0,94.0,66.0,70.0,80.0,83.0,20,54.0,701.0,81.0,101.0,214.0,99.0,36.0,63.0,104.0,55.0,493.0,68.0,68.0,161.0,49.0,266.0,228.0,20,192.0,20,381.0,90.0,66.0,MGL
84.0,324.0,43.0,54.0,349.0,70.0,71.0,47.0,60.0,387.0,82.0,85.0,97.0,243.0,33.0,117.0,52.0,34.0,176.0,244.0,93.0,200.0,47.0,63.0,20,315.0,143.0,111.0,53.0,177.0,139.0,34.0,24.0,45.0,20,49.0,22.0,344.0,239.0,46.0,125.0,20,38.0,148.0,121.0,88.0,93.0,64.0,66.0,80.0,108.0,20,27.0,465.0,43.0,34.0,165.0,116.0,20,44.0,169.0,60.0,656.0,94.0,109.0,163.0,49.0,193.0,252.0,20,154.0,20,200.0,73.0,35.0,MGL
100.0,421.0,62.0,53.0,382.0,67.0,69.0,105.0,73.0,432.0,127.0,97.0,108.0,205.0,37.0,364.0,67.0,74.0,172.0,335.0,267.0,169.0,55.0,106.0,20,355.0,184.0,216.0,50.0,222.0,119.0,29.0,63.0,139.0,20.0,55.0,42.0,316.0,367.0,36.0,85.0,25.0,70.0,403.0,156.0,167.0,96.0,61.0,69.0,181.0,108.0,22.0,54.0,705.0,51.0,123.0,299.0,73.0,73.0,84.0,132.0,84.0,270.0,88.0,84.0,155.0,51.0,159.0,245.0,21.0,128.0,20,369.0,77.0,34.0,MGL
329.0,545.0,59.0,158.0,214.0,78.0,44.0,721.0,32.0,55.0,198.0,151.0,63.0,133.0,159.0,316.0,42.0,84.0,117.0,20,452.0,130.0,34.0,466.0,20,224.0,26.0,140.0,26.0,607.0,54.0,118.0,29.0,538.0,20,31.0,144.0,150.0,148.0,22.0,64.0,20,455.0,168.0,275.0,33.0,59.0,27.0,39.0,734.0,65.0,28.0,126.0,260.0,119.0,126.0,569.0,45.0,87.0,194.0,88.0,32.0,292.0,653.0,257.0,33.0,105.0,90.0,163.0,264.0,229.0,23.0,20,114.0,188.0,RHB
323.0,336.0,56.0,138.0,204.0,74.0,50.0,1132.0,40.0,20,280.0,116.0,73.0,140.0,105.0,534.0,44.0,37.0,124.0,20,275.0,189.0,41.0,441.0,20,508.0,25.0,143.0,33.0,108.0,53.0,42.0,44.0,97.0,26.0,29.0,102.0,201.0,107.0,20,102.0,20,212.0,142.0,192.0,20,35.0,37.0,26.0,433.0,74.0,20,108.0,349.0,63.0,200.0,165.0,40.0,20,20,86.0,33.0,336.0,481.0,281.0,33.0,84.0,113.0,205.0,172.0,215.0,20,20,94.0,186.0,RHB
339.0,396.0,60.0,114.0,216.0,74.0,52.0,924.0,40.0,20,173.0,142.0,76.0,135.0,163.0,59.0,58.0,40.0,90.0,23.0,395.0,153.0,35.0,395.0,20,20,28.0,144.0,35.0,211.0,59.0,94.0,43.0,222.0,20,30.0,123.0,171.0,96.0,20,109.0,20,291.0,104.0,201.0,20,48.0,45.0,36.0,750.0,87.0,39.0,102.0,434.0,86.0,222.0,178.0,34.0,20,20,92.0,27.0,41.0,536.0,307.0,20,94.0,107.0,192.0,292.0,370.0,21.0,20,137.0,149.0,RHB
347.0,629.0,56.0,164.0,198.0,67.0,36.0,881.0,31.0,20,120.0,256.0,59.0,118.0,256.0,92.0,42.0,101.0,128.0,20,508.0,102.0,33.0,511.0,20,20,54.0,90.0,25.0,455.0,58.0,142.0,84.0,651.0,20,37.0,314.0,179.0,96.0,20,132.0,20,440.0,104.0,85.0,30.0,51.0,63.0,33.0,550.0,60.0,20,110.0,392.0,42.0,151.0,180.0,41.0,20,20,72.0,26.0,94.0,761.0,303.0,20,158.0,98.0,218.0,350.0,514.0,21.0,20,64.0,364.0,RHB
436.0,644.0,61.0,91.0,183.0,67.0,46.0,754.0,36.0,20,106.0,143.0,70.0,179.0,171.0,60.0,44.0,58.0,108.0,20,515.0,95.0,35.0,418.0,20,45.0,128.0,254.0,29.0,261.0,52.0,127.0,31.0,1245.0,20,30.0,193.0,230.0,146.0,20,110.0,20,433.0,104.0,251.0,20,20,38.0,27.0,520.0,68.0,20,96.0,386.0,58.0,147.0,209.0,53.0,20,20,95.0,29.0,79.0,397.0,283.0,23.0,140.0,94.0,151.0,264.0,390.0,51.0,20,85.0,195.0,RHB
376.0,619.0,64.0,138.0,147.0,61.0,28.0,1029.0,31.0,29.0,168.0,180.0,53.0,141.0,174.0,180.0,30.0,65.0,109.0,30.0,404.0,73.0,33.0,554.0,20,20,29.0,229.0,20,54.0,99.0,182.0,59.0,894.0,24.0,28.0,228.0,141.0,184.0,20,75.0,20,450.0,101.0,170.0,20,52.0,20,40.0,740.0,45.0,73.0,130.0,387.0,38.0,234.0,241.0,30.0,45.0,20,39.0,20,245.0,783.0,292.0,20,194.0,82.0,172.0,240.0,295.0,20,20,61.0,328.0,RHB
314.0,422.0,50.0,46.0,216.0,20,56.0,739.0,46.0,20,100.0,166.0,69.0,152.0,85.0,122.0,34.0,42.0,84.0,20,187.0,136.0,53.0,236.0,20,20,89.0,97.0,40.0,71.0,69.0,141.0,20,716.0,20,52.0,126.0,203.0,147.0,28.0,56.0,20,152.0,704.0,195.0,20,66.0,31.0,35.0,463.0,32.0,20,143.0,421.0,37.0,116.0,243.0,61.0,86.0,20,43.0,20,50.0,593.0,265.0,20,125.0,103.0,188.0,84.0,299.0,20,20,95.0,103.0,RHB
221.0,352.0,70.0,108.0,237.0,96.0,35.0,154.0,26.0,362.0,437.0,167.0,48.0,95.0,165.0,217.0,28.0,45.0,163.0,329.0,263.0,33.0,23.0,305.0,20,280.0,337.0,231.0,20,75.0,65.0,130.0,201.0,132.0,106.0,20,193.0,135.0,433.0,25.0,71.0,79.0,509.0,323.0,248.0,67.0,150.0,22.0,41.0,477.0,39.0,27.0,62.0,626.0,43.0,185.0,136.0,33.0,104.0,20,41.0,38.0,710.0,580.0,94.0,76.0,138.0,94.0,115.0,93.0,170.0,20,423.0,36.0,166.0,EPD
219.0,340.0,112.0,73.0,230.0,106.0,35.0,73.0,36.0,198.0,212.0,142.0,48.0,108.0,244.0,210.0,28.0,36.0,108.0,330.0,226.0,58.0,20,304.0,20,303.0,522.0,157.0,20,46.0,55.0,72.0,96.0,159.0,78.0,20,312.0,119.0,160.0,37.0,92.0,76.0,496.0,254.0,168.0,134.0,149.0,42.0,37.0,519.0,54.0,46.0,57.0,977.0,56.0,173.0,159.0,28.0,104.0,33.0,58.0,33.0,885.0,667.0,20,85.0,138.0,82.0,110.0,65.0,261.0,20,244.0,44.0,222.0,EPD
246.0,482.0,85.0,102.0,171.0,100.0,29.0,416.0,22.0,165.0,512.0,165.0,47.0,101.0,187.0,252.0,23.0,97.0,128.0,276.0,288.0,30.0,20,387.0,20,165.0,207.0,203.0,20,114.0,50.0,174.0,140.0,412.0,117.0,20,224.0,108.0,145.0,30.0,76.0,109.0,552.0,298.0,326.0,72.0,170.0,27.0,32.0,636.0,30.0,175.0,100.0,843.0,61.0,244.0,203.0,22.0,80.0,62.0,53.0,32.0,580.0,578.0,63.0,49.0,126.0,82.0,138.0,111.0,157.0,22.0,361.0,41.0,226.0,EPD
251.0,572.0,81.0,72.0,199.0,115.0,34.0,605.0,30.0,164.0,319.0,188.0,54.0,113.0,212.0,298.0,32.0,108.0,98.0,51.0,428.0,107.0,20,502.0,20,104.0,105.0,199.0,26.0,191.0,41.0,205.0,172.0,614.0,109.0,20,272.0,135.0,139.0,24.0,114.0,81.0,643.0,383.0,236.0,47.0,109.0,26.0,20.0,585.0,46.0,69.0,101.0,458.0,102.0,175.0,162.0,23.0,33.0,23.0,46.0,44.0,403.0,783.0,102.0,57.0,151.0,132.0,114.0,193.0,252.0,55.0,31.0,55.0,294.0,EPD
263.0,773.0,85.0,98.0,163.0,111.0,30.0,458.0,20,253.0,205.0,209.0,42.0,107.0,302.0,440.0,27.0,111.0,92.0,71.0,608.0,97.0,20,658.0,68.0,165.0,140.0,180.0,21.0,434.0,36.0,191.0,112.0,694.0,61.0,20,298.0,118.0,170.0,34.0,129.0,71.0,663.0,291.0,231.0,26.0,131.0,23.0,22.0,622.0,44.0,93.0,93.0,481.0,141.0,150.0,176.0,26.0,42.0,27.0,52.0,45.0,504.0,897.0,126.0,53.0,207.0,169.0,111.0,309.0,211.0,92.0,151.0,67.0,363.0,EPD
303.0,366.0,100.0,25.0,191.0,127.0,38.0,120.0,28.0,319.0,348.0,191.0,40.0,110.0,271.0,282.0,29.0,51.0,142.0,471.0,381.0,37.0,23.0,393.0,20,296.0,160.0,198.0,29.0,155.0,70.0,208.0,78.0,454.0,66.0,20,334.0,134.0,411.0,38.0,87.0,142.0,550.0,307.0,171.0,52.0,189.0,30.0,35.0,482.0,46.0,25.0,57.0,697.0,38.0,224.0,200.0,26.0,75.0,26.0,37.0,47.0,441.0,696.0,119.0,74.0,192.0,84.0,127.0,125.0,69.0,20,467.0,42.0,122.0,EPD
221.0,518.0,101.0,80.0,174.0,82.0,31.0,306.0,24.0,66.0,101.0,138.0,46.0,90.0,147.0,230.0,27.0,70.0,56.0,95.0,193.0,20,22.0,244.0,20,20,159.0,94.0,20,176.0,62.0,101.0,104.0,504.0,123.0,22.0,303.0,131.0,322.0,37.0,63.0,52.0,313.0,378.0,274.0,20,106.0,38.0,31.0,474.0,44.0,98.0,79.0,615.0,46.0,141.0,147.0,31.0,67.0,24.0,44.0,24.0,579.0,620.0,62.0,51.0,104.0,336.0,138.0,27.0,174.0,20,20,43.0,114.0,EPD
147.0,661.0,67.0,69.0,170.0,253.0,32.0,237.0,29.0,145.0,183.0,217.0,59.0,110.0,185.0,491.0,30.0,105.0,149.0,311.0,329.0,74.0,21.0,388.0,138.0,269.0,245.0,184.0,31.0,323.0,48.0,183.0,219.0,561.0,375.0,20,180.0,133.0,248.0,32.0,112.0,86.0,431.0,671.0,308.0,114.0,249.0,25.0,20.0,496.0,44.0,91.0,138.0,650.0,93.0,260.0,321.0,24.0,73.0,114.0,45.0,76.0,935.0,536.0,119.0,53.0,111.0,227.0,125.0,146.0,228.0,28.0,544.0,57.0,221.0,EPD
274.0,567.0,98.0,97.0,161.0,105.0,31.0,353.0,26.0,368.0,264.0,141.0,45.0,109.0,134.0,407.0,24.0,134.0,118.0,394.0,226.0,90.0,23.0,245.0,20,228.0,83.0,220.0,20,49.0,40.0,150.0,146.0,71.0,237.0,20,130.0,118.0,281.0,26.0,130.0,105.0,503.0,550.0,294.0,87.0,218.0,27.0,32.0,484.0,37.0,165.0,102.0,1049.0,63.0,251.0,382.0,21.0,38.0,141.0,44.0,105.0,876.0,518.0,55.0,42.0,219.0,100.0,115.0,96.0,369.0,20,288.0,45.0,154.0,EPD
222.0,513.0,73.0,103.0,174.0,109.0,31.0,580.0,26.0,191.0,287.0,170.0,52.0,92.0,147.0,395.0,21.0,113.0,95.0,122.0,287.0,73.0,27.0,330.0,20,473.0,109.0,144.0,20,320.0,41.0,110.0,78.0,498.0,231.0,23.0,178.0,127.0,237.0,26.0,95.0,78.0,301.0,559.0,380.0,85.0,123.0,22.0,26.0,551.0,41.0,121.0,191.0,518.0,61.0,176.0,288.0,22.0,193.0,89.0,34.0,41.0,498.0,681.0,88.0,22.0,142.0,211.0,125.0,111.0,239.0,23.0,204.0,57.0,162.0,EPD
215.0,562.0,65.0,46.0,182.0,228.0,35.0,375.0,29.0,649.0,202.0,221.0,55.0,103.0,185.0,375.0,27.0,231.0,107.0,280.0,301.0,150.0,24.0,259.0,20,1035.0,370.0,201.0,26.0,335.0,57.0,114.0,199.0,139.0,202.0,24.0,110.0,123.0,626.0,38.0,87.0,96.0,296.0,976.0,358.0,196.0,464.0,21.0,32.0,464.0,42.0,135.0,186.0,998.0,52.0,263.0,686.0,70.0,113.0,329.0,53.0,73.0,932.0,507.0,88.0,80.0,155.0,231.0,133.0,91.0,389.0,20,708.0,45.0,187.0,JPA
221.0,526.0,76.0,34.0,177.0,266.0,32.0,246.0,21.0,822.0,333.0,240.0,49.0,97.0,241.0,395.0,24.0,253.0,95.0,517.0,343.0,120.0,25.0,212.0,20,872.0,409.0,195.0,23.0,352.0,54.0,111.0,238.0,173.0,256.0,20,130.0,95.0,678.0,31.0,89.0,149.0,341.0,911.0,337.0,239.0,430.0,20,35.0,341.0,34.0,155.0,174.0,723.0,47.0,268.0,766.0,52.0,108.0,365.0,58.0,84.0,992.0,570.0,62.0,75.0,160.0,192.0,133.0,107.0,311.0,20,833.0,38.0,181.0,JPA
209.0,515.0,76.0,43.0,223.0,227.0,54.0,257.0,34.0,552.0,265.0,199.0,54.0,109.0,169.0,396.0,29.0,228.0,118.0,397.0,277.0,100.0,24.0,200.0,20,874.0,327.0,177.0,29.0,329.0,63.0,100.0,194.0,92.0,257.0,21.0,111.0,123.0,593.0,35.0,74.0,95.0,263.0,857.0,339.0,192.0,304.0,24.0,43.0,314.0,48.0,157.0,166.0,596.0,66.0,231.0,656.0,66.0,119.0,331.0,64.0,88.0,843.0,545.0,66.0,89.0,130.0,178.0,122.0,75.0,267.0,20,657.0,53.0,177.0,JPA
173.0,549.0,68.0,38.0,213.0,235.0,31.0,292.0,31.0,1015.0,271.0,243.0,53.0,109.0,185.0,286.0,25.0,220.0,111.0,300.0,256.0,136.0,24.0,231.0,20,997.0,431.0,199.0,24.0,313.0,59.0,134.0,215.0,116.0,248.0,21.0,119.0,122.0,590.0,38.0,66.0,98.0,284.0,781.0,361.0,197.0,387.0,21.0,31.0,419.0,43.0,142.0,182.0,880.0,76.0,254.0,799.0,75.0,123.0,396.0,57.0,78.0,859.0,483.0,83.0,57.0,130.0,197.0,126.0,102.0,324.0,20,846.0,50.0,159.0,JPA
163.0,600.0,83.0,51.0,228.0,220.0,40.0,259.0,34.0,800.0,240.0,237.0,62.0,117.0,165.0,522.0,30.0,233.0,101.0,355.0,271.0,88.0,32.0,234.0,20,1069.0,371.0,190.0,27.0,287.0,63.0,124.0,209.0,304.0,223.0,20,114.0,126.0,630.0,36.0,80.0,77.0,311.0,887.0,337.0,214.0,408.0,24.0,33.0,411.0,44.0,160.0,170.0,1007.0,64.0,232.0,641.0,57.0,118.0,314.0,57.0,68.0,858.0,405.0,75.0,73.0,113.0,238.0,148.0,93.0,357.0,20,737.0,53.0,137.0,JPA
187.0,492.0,66.0,54.0,216.0,236.0,34.0,263.0,32.0,602.0,229.0,209.0,57.0,89.0,163.0,374.0,24.0,200.0,121.0,392.0,228.0,107.0,28.0,190.0,20,896.0,296.0,203.0,20,269.0,48.0,113.0,182.0,50.0,246.0,20,104.0,127.0,668.0,33.0,78.0,100.0,290.0,887.0,371.0,248.0,272.0,28.0,39.0,332.0,50.0,143.0,197.0,878.0,69.0,287.0,737.0,30.0,122.0,293.0,54.0,72.0,826.0,607.0,65.0,81.0,139.0,224.0,128.0,88.0,329.0,20,797.0,46.0,125.0,JPA
